gvkey,iid,datadate,tic,prccd,,,
1161,1,20160104,AMD,2.77,,,38.87836125
1161,1,20160105,AMD,2.75,,,
1161,1,20160106,AMD,2.505,,,
1161,1,20160107,AMD,2.275,,,
1161,1,20160108,AMD,2.14,,,
1161,1,20160111,AMD,2.34,,,
1161,1,20160112,AMD,2.39,,,
1161,1,20160113,AMD,2.25,,,
1161,1,20160114,AMD,2.21,,,
1161,1,20160115,AMD,2.03,,,
1161,1,20160119,AMD,1.95,,,
1161,1,20160120,AMD,1.8,,,
1161,1,20160121,AMD,2.09,,,
1161,1,20160122,AMD,2.02,,,
1161,1,20160125,AMD,2.12,,,
1161,1,20160126,AMD,2.07,,,
1161,1,20160127,AMD,2.13,,,
1161,1,20160128,AMD,2.08,,,
1161,1,20160129,AMD,2.2,,,
1161,1,20160201,AMD,2.14,,,
1161,1,20160202,AMD,1.99,,,
1161,1,20160203,AMD,2.07,,,
1161,1,20160204,AMD,2.09,,,
1161,1,20160205,AMD,1.98,,,
1161,1,20160208,AMD,1.93,,,
1161,1,20160209,AMD,1.9,,,
1161,1,20160210,AMD,1.84,,,
1161,1,20160211,AMD,1.86,,,
1161,1,20160212,AMD,1.83,,,
1161,1,20160216,AMD,1.83,,,
1161,1,20160217,AMD,1.9,,,
1161,1,20160218,AMD,1.91,,,
1161,1,20160219,AMD,1.91,,,
1161,1,20160222,AMD,2.01,,,
1161,1,20160223,AMD,1.97,,,
1161,1,20160224,AMD,2.02,,,
1161,1,20160225,AMD,2.03,,,
1161,1,20160226,AMD,2.07,,,
1161,1,20160229,AMD,2.14,,,
1161,1,20160301,AMD,2.18,,,
1161,1,20160302,AMD,2.32,,,
1161,1,20160303,AMD,2.46,,,
1161,1,20160304,AMD,2.37,,,
1161,1,20160307,AMD,2.47,,,
1161,1,20160308,AMD,2.3,,,
1161,1,20160309,AMD,2.26,,,
1161,1,20160310,AMD,2.26,,,
1161,1,20160311,AMD,2.52,,,
1161,1,20160314,AMD,2.72,,,
1161,1,20160315,AMD,2.49,,,
1161,1,20160316,AMD,2.63,,,
1161,1,20160317,AMD,2.8,,,
1161,1,20160318,AMD,2.93,,,
1161,1,20160321,AMD,2.8,,,
1161,1,20160322,AMD,2.79,,,
1161,1,20160323,AMD,2.68,,,
1161,1,20160324,AMD,2.79,,,
1161,1,20160328,AMD,2.78,,,
1161,1,20160329,AMD,2.86,,,
1161,1,20160330,AMD,2.86,,,
1161,1,20160331,AMD,2.85,,,
1161,1,20160401,AMD,2.83,,,
1161,1,20160404,AMD,2.83,,,
1161,1,20160405,AMD,2.76,,,
1161,1,20160406,AMD,2.8,,,
1161,1,20160407,AMD,2.64,,,
1161,1,20160408,AMD,2.74,,,
1161,1,20160411,AMD,2.76,,,
1161,1,20160412,AMD,2.81,,,
1161,1,20160413,AMD,2.8,,,
1161,1,20160414,AMD,2.72,,,
1161,1,20160415,AMD,2.7,,,
1161,1,20160418,AMD,2.76,,,
1161,1,20160419,AMD,2.62,,,
1161,1,20160420,AMD,2.7,,,
1161,1,20160421,AMD,2.62,,,
1161,1,20160422,AMD,3.99,,,
1161,1,20160425,AMD,3.45,,,
1161,1,20160426,AMD,3.66,,,
1161,1,20160427,AMD,3.73,,,
1161,1,20160428,AMD,3.61,,,
1161,1,20160429,AMD,3.55,,,
1161,1,20160502,AMD,3.74,,,
1161,1,20160503,AMD,3.6,,,
1161,1,20160504,AMD,3.6,,,
1161,1,20160505,AMD,3.66,,,
1161,1,20160506,AMD,3.68,,,
1161,1,20160509,AMD,3.65,,,
1161,1,20160510,AMD,3.64,,,
1161,1,20160511,AMD,3.65,,,
1161,1,20160512,AMD,3.59,,,
1161,1,20160513,AMD,3.67,,,
1161,1,20160516,AMD,3.79,,,
1161,1,20160517,AMD,3.79,,,
1161,1,20160518,AMD,3.84,,,
1161,1,20160519,AMD,3.77,,,
1161,1,20160520,AMD,3.87,,,
1161,1,20160523,AMD,4.04,,,
1161,1,20160524,AMD,4.2,,,
1161,1,20160525,AMD,4.18,,,
1161,1,20160526,AMD,4.35,,,
1161,1,20160527,AMD,4.6,,,
1161,1,20160531,AMD,4.57,,,
1161,1,20160601,AMD,4.43,,,
1161,1,20160602,AMD,4.24,,,
1161,1,20160603,AMD,4.16,,,
1161,1,20160606,AMD,4.47,,,
1161,1,20160607,AMD,4.51,,,
1161,1,20160608,AMD,4.46,,,
1161,1,20160609,AMD,4.52,,,
1161,1,20160610,AMD,4.32,,,
1161,1,20160613,AMD,4.4,,,
1161,1,20160614,AMD,4.39,,,
1161,1,20160615,AMD,4.42,,,
1161,1,20160616,AMD,4.75,,,
1161,1,20160617,AMD,5.26,,,
1161,1,20160620,AMD,5.1,,,
1161,1,20160621,AMD,5.45,,,
1161,1,20160622,AMD,5.02,,,
1161,1,20160623,AMD,5.21,,,
1161,1,20160624,AMD,4.88,,,
1161,1,20160627,AMD,4.72,,,
1161,1,20160628,AMD,5.12,,,
1161,1,20160629,AMD,5.13,,,
1161,1,20160630,AMD,5.14,,,
1161,1,20160701,AMD,5.07,,,
1161,1,20160705,AMD,4.96,,,
1161,1,20160706,AMD,5.04,,,
1161,1,20160707,AMD,5.02,,,
1161,1,20160708,AMD,5.1,,,
1161,1,20160711,AMD,5.01,,,
1161,1,20160712,AMD,5.14,,,
1161,1,20160713,AMD,5.09,,,
1161,1,20160714,AMD,5.17,,,
1161,1,20160715,AMD,5.14,,,
1161,1,20160718,AMD,5.51,,,
1161,1,20160719,AMD,5.41,,,
1161,1,20160720,AMD,5.41,,,
1161,1,20160721,AMD,5.22,,,
1161,1,20160722,AMD,5.84,,,
1161,1,20160725,AMD,6.7,,,
1161,1,20160726,AMD,6.98,,,
1161,1,20160727,AMD,6.85,,,
1161,1,20160728,AMD,6.82,,,
1161,1,20160729,AMD,6.86,,,
1161,1,20160801,AMD,6.64,,,
1161,1,20160802,AMD,6.26,,,
1161,1,20160803,AMD,6.3,,,
1161,1,20160804,AMD,6.47,,,
1161,1,20160805,AMD,6.61,,,
1161,1,20160808,AMD,6.68,,,
1161,1,20160809,AMD,6.6,,,
1161,1,20160810,AMD,6.49,,,
1161,1,20160811,AMD,6.58,,,
1161,1,20160812,AMD,6.73,,,
1161,1,20160815,AMD,6.95,,,
1161,1,20160816,AMD,6.78,,,
1161,1,20160817,AMD,6.68,,,
1161,1,20160818,AMD,7.04,,,
1161,1,20160819,AMD,7.62,,,
1161,1,20160822,AMD,7.58,,,
1161,1,20160823,AMD,7.67,,,
1161,1,20160824,AMD,7.43,,,
1161,1,20160825,AMD,7.465,,,
1161,1,20160826,AMD,7.67,,,
1161,1,20160829,AMD,7.59,,,
1161,1,20160830,AMD,7.49,,,
1161,1,20160831,AMD,7.4,,,
1161,1,20160901,AMD,7.35,,,
1161,1,20160902,AMD,7.51,,,
1161,1,20160906,AMD,7.34,,,
1161,1,20160907,AMD,6.84,,,
1161,1,20160908,AMD,6.225,,,
1161,1,20160909,AMD,5.9,,,
1161,1,20160912,AMD,5.94,,,
1161,1,20160913,AMD,5.74,,,
1161,1,20160914,AMD,6.04,,,
1161,1,20160915,AMD,6.02,,,
1161,1,20160916,AMD,6.05,,,
1161,1,20160919,AMD,6.16,,,
1161,1,20160920,AMD,6.17,,,
1161,1,20160921,AMD,6.29,,,
1161,1,20160922,AMD,6.37,,,
1161,1,20160923,AMD,6.55,,,
1161,1,20160926,AMD,6.32,,,
1161,1,20160927,AMD,6.54,,,
1161,1,20160928,AMD,6.59,,,
1161,1,20160929,AMD,6.67,,,
1161,1,20160930,AMD,6.91,,,
1161,1,20161003,AMD,6.95,,,
1161,1,20161004,AMD,6.97,,,
1161,1,20161005,AMD,6.78,,,
1161,1,20161006,AMD,6.96,,,
1161,1,20161007,AMD,6.75,,,
1161,1,20161010,AMD,6.84,,,
1161,1,20161011,AMD,6.5,,,
1161,1,20161012,AMD,6.62,,,
1161,1,20161013,AMD,6.49,,,
1161,1,20161014,AMD,6.75,,,
1161,1,20161017,AMD,6.67,,,
1161,1,20161018,AMD,6.73,,,
1161,1,20161019,AMD,6.77,,,
1161,1,20161020,AMD,6.96,,,
1161,1,20161021,AMD,6.52,,,
1161,1,20161024,AMD,7.005,,,
1161,1,20161025,AMD,7.5,,,
1161,1,20161026,AMD,7.29,,,
1161,1,20161027,AMD,7.11,,,
1161,1,20161028,AMD,7.2,,,
1161,1,20161031,AMD,7.23,,,
1161,1,20161101,AMD,7.09,,,
1161,1,20161102,AMD,6.76,,,
1161,1,20161103,AMD,6.7,,,
1161,1,20161104,AMD,6.56,,,
1161,1,20161107,AMD,6.96,,,
1161,1,20161108,AMD,7,,,
1161,1,20161109,AMD,6.94,,,
1161,1,20161110,AMD,6.295,,,
1161,1,20161111,AMD,6.685,,,
1161,1,20161114,AMD,6.79,,,
1161,1,20161115,AMD,6.97,,,
1161,1,20161116,AMD,7.67,,,
1161,1,20161117,AMD,8.46,,,
1161,1,20161118,AMD,8.71,,,
1161,1,20161121,AMD,8.94,,,
1161,1,20161122,AMD,8.69,,,
1161,1,20161123,AMD,8.8,,,
1161,1,20161125,AMD,8.77,,,
1161,1,20161128,AMD,8.83,,,
1161,1,20161129,AMD,8.93,,,
1161,1,20161130,AMD,8.91,,,
1161,1,20161201,AMD,8.39,,,
1161,1,20161202,AMD,8.53,,,
1161,1,20161205,AMD,8.68,,,
1161,1,20161206,AMD,9.45,,,
1161,1,20161207,AMD,9.56,,,
1161,1,20161208,AMD,10.34,,,
1161,1,20161209,AMD,10.34,,,
1161,1,20161212,AMD,10.68,,,
1161,1,20161213,AMD,10.54,,,
1161,1,20161214,AMD,10.55,,,
1161,1,20161215,AMD,10.86,,,
1161,1,20161216,AMD,10.66,,,
1161,1,20161219,AMD,10.95,,,
1161,1,20161220,AMD,11.51,,,
1161,1,20161221,AMD,11.47,,,
1161,1,20161222,AMD,11.6,,,
1161,1,20161223,AMD,11.58,,,
1161,1,20161227,AMD,12.07,,,
1161,1,20161228,AMD,11.55,,,
1161,1,20161229,AMD,11.59,,,
1161,1,20161230,AMD,11.34,,,
1161,1,20170103,AMD,11.43,,,
1161,1,20170104,AMD,11.43,,,
1161,1,20170105,AMD,11.24,,,
1161,1,20170106,AMD,11.32,,,
1161,1,20170109,AMD,11.49,,,
1161,1,20170110,AMD,11.44,,,
1161,1,20170111,AMD,11.2,,,
1161,1,20170112,AMD,10.76,,,
1161,1,20170113,AMD,10.58,,,
1161,1,20170117,AMD,9.82,,,
1161,1,20170118,AMD,9.88,,,
1161,1,20170119,AMD,9.77,,,
1161,1,20170120,AMD,9.75,,,
1161,1,20170123,AMD,9.91,,,
1161,1,20170124,AMD,10.44,,,
1161,1,20170125,AMD,10.35,,,
1161,1,20170126,AMD,10.52,,,
1161,1,20170127,AMD,10.67,,,
1161,1,20170130,AMD,10.61,,,
1161,1,20170131,AMD,10.37,,,
1161,1,20170201,AMD,12.06,,,
1161,1,20170202,AMD,12.28,,,
1161,1,20170203,AMD,12.24,,,
1161,1,20170206,AMD,13.63,,,
1161,1,20170207,AMD,13.29,,,
1161,1,20170208,AMD,13.56,,,
1161,1,20170209,AMD,13.42,,,
1161,1,20170210,AMD,13.58,,,
1161,1,20170213,AMD,13.49,,,
1161,1,20170214,AMD,13.26,,,
1161,1,20170215,AMD,13.3,,,
1161,1,20170216,AMD,12.97,,,
1161,1,20170217,AMD,13.13,,,
1161,1,20170221,AMD,14,,,
1161,1,20170222,AMD,14.28,,,
1161,1,20170223,AMD,14.32,,,
1161,1,20170224,AMD,14.12,,,
1161,1,20170227,AMD,15.2,,,
1161,1,20170228,AMD,14.46,,,
1161,1,20170301,AMD,14.96,,,
1161,1,20170302,AMD,13.9,,,
1161,1,20170303,AMD,13.03,,,
1161,1,20170306,AMD,13.04,,,
1161,1,20170307,AMD,13.05,,,
1161,1,20170308,AMD,13.22,,,
1161,1,20170309,AMD,13.33,,,
1161,1,20170310,AMD,13.91,,,
1161,1,20170313,AMD,14.28,,,
1161,1,20170314,AMD,14.1,,,
1161,1,20170315,AMD,13.98,,,
1161,1,20170316,AMD,13.65,,,
1161,1,20170317,AMD,13.49,,,
1161,1,20170320,AMD,14.4,,,
1161,1,20170321,AMD,13.82,,,
1161,1,20170322,AMD,14.1,,,
1161,1,20170323,AMD,13.79,,,
1161,1,20170324,AMD,13.7,,,
1161,1,20170327,AMD,13.7,,,
1161,1,20170328,AMD,13.69,,,
1161,1,20170329,AMD,13.71,,,
1161,1,20170330,AMD,14.05,,,
1161,1,20170331,AMD,14.55,,,
1161,1,20170403,AMD,14.64,,,
1161,1,20170404,AMD,14.16,,,
1161,1,20170405,AMD,14.17,,,
1161,1,20170406,AMD,13.27,,,
1161,1,20170407,AMD,13.52,,,
1161,1,20170410,AMD,13.1,,,
1161,1,20170411,AMD,13.1,,,
1161,1,20170412,AMD,12.76,,,
1161,1,20170413,AMD,12.31,,,
1161,1,20170417,AMD,12.79,,,
1161,1,20170418,AMD,12.95,,,
1161,1,20170419,AMD,12.84,,,
1161,1,20170420,AMD,13.11,,,
1161,1,20170421,AMD,13,,,
1161,1,20170424,AMD,13.13,,,
1161,1,20170425,AMD,13.49,,,
1161,1,20170426,AMD,13.41,,,
1161,1,20170427,AMD,13.62,,,
1161,1,20170428,AMD,13.3,,,
1161,1,20170501,AMD,13.62,,,
1161,1,20170502,AMD,10.32,,,
1161,1,20170503,AMD,10.39,,,
1161,1,20170504,AMD,10.1,,,
1161,1,20170505,AMD,10.19,,,
1161,1,20170508,AMD,10.04,,,
1161,1,20170509,AMD,10.18,,,
1161,1,20170510,AMD,10.79,,,
1161,1,20170511,AMD,11.07,,,
1161,1,20170512,AMD,11.26,,,
1161,1,20170515,AMD,11.42,,,
1161,1,20170516,AMD,12.75,,,
1161,1,20170517,AMD,11.2,,,
1161,1,20170518,AMD,11.275,,,
1161,1,20170519,AMD,11.41,,,
1161,1,20170522,AMD,11.04,,,
1161,1,20170523,AMD,10.89,,,
1161,1,20170524,AMD,10.89,,,
1161,1,20170525,AMD,10.98,,,
1161,1,20170526,AMD,11,,,
1161,1,20170530,AMD,11.12,,,
1161,1,20170531,AMD,11.19,,,
1161,1,20170601,AMD,10.93,,,
1161,1,20170602,AMD,10.9,,,
1161,1,20170605,AMD,11.24,,,
1161,1,20170606,AMD,12.03,,,
1161,1,20170607,AMD,12.38,,,
1161,1,20170608,AMD,12.9,,,
1161,1,20170609,AMD,12.28,,,
1161,1,20170612,AMD,12.09,,,
1161,1,20170613,AMD,11.96,,,
1161,1,20170614,AMD,11.77,,,
1161,1,20170615,AMD,11.5,,,
1161,1,20170616,AMD,11.44,,,
1161,1,20170619,AMD,11.93,,,
1161,1,20170620,AMD,12.64,,,
1161,1,20170621,AMD,13.98,,,
1161,1,20170622,AMD,14.38,,,
1161,1,20170623,AMD,14.17,,,
1161,1,20170626,AMD,14.08,,,
1161,1,20170627,AMD,13.4,,,
1161,1,20170628,AMD,13.23,,,
1161,1,20170629,AMD,12.6,,,
1161,1,20170630,AMD,12.48,,,
1161,1,20170703,AMD,12.15,,,
1161,1,20170705,AMD,13.19,,,
1161,1,20170706,AMD,13.02,,,
1161,1,20170707,AMD,13.36,,,
1161,1,20170710,AMD,13.81,,,
1161,1,20170711,AMD,13.89,,,
1161,1,20170712,AMD,14.29,,,
1161,1,20170713,AMD,13.53,,,
1161,1,20170714,AMD,13.92,,,
1161,1,20170717,AMD,13.8,,,
1161,1,20170718,AMD,13.48,,,
1161,1,20170719,AMD,13.55,,,
1161,1,20170720,AMD,13.8,,,
1161,1,20170721,AMD,13.88,,,
1161,1,20170724,AMD,14.16,,,
1161,1,20170725,AMD,14.11,,,
1161,1,20170726,AMD,14.76,,,
1161,1,20170727,AMD,14.12,,,
1161,1,20170728,AMD,13.95,,,
1161,1,20170731,AMD,13.61,,,
1161,1,20170801,AMD,13.71,,,
1161,1,20170802,AMD,13.37,,,
1161,1,20170803,AMD,13.24,,,
1161,1,20170804,AMD,13.12,,,
1161,1,20170807,AMD,13.43,,,
1161,1,20170808,AMD,13.11,,,
1161,1,20170809,AMD,12.83,,,
1161,1,20170810,AMD,12.12,,,
1161,1,20170811,AMD,12.23,,,
1161,1,20170814,AMD,12.76,,,
1161,1,20170815,AMD,13.02,,,
1161,1,20170816,AMD,12.63,,,
1161,1,20170817,AMD,12.34,,,
1161,1,20170818,AMD,12.37,,,
1161,1,20170821,AMD,12.05,,,
1161,1,20170822,AMD,12.17,,,
1161,1,20170823,AMD,12.48,,,
1161,1,20170824,AMD,12.5,,,
1161,1,20170825,AMD,12.43,,,
1161,1,20170828,AMD,12.23,,,
1161,1,20170829,AMD,12.15,,,
1161,1,20170830,AMD,12.67,,,
1161,1,20170831,AMD,13,,,
1161,1,20170901,AMD,13.19,,,
1161,1,20170905,AMD,12.92,,,
1161,1,20170906,AMD,12.86,,,
1161,1,20170907,AMD,12.63,,,
1161,1,20170908,AMD,12.25,,,
1161,1,20170911,AMD,12.55,,,
1161,1,20170912,AMD,12.3,,,
1161,1,20170913,AMD,12.22,,,
1161,1,20170914,AMD,12.26,,,
1161,1,20170915,AMD,12.52,,,
1161,1,20170918,AMD,13.08,,,
1161,1,20170919,AMD,13.12,,,
1161,1,20170920,AMD,13.74,,,
1161,1,20170921,AMD,13.41,,,
1161,1,20170922,AMD,13.3,,,
1161,1,20170925,AMD,12.61,,,
1161,1,20170926,AMD,12.45,,,
1161,1,20170927,AMD,12.74,,,
1161,1,20170928,AMD,12.74,,,
1161,1,20170929,AMD,12.75,,,
1161,1,20171002,AMD,12.71,,,
1161,1,20171003,AMD,13.42,,,
1161,1,20171004,AMD,13.31,,,
1161,1,20171005,AMD,13.34,,,
1161,1,20171006,AMD,13.23,,,
1161,1,20171009,AMD,13.47,,,
1161,1,20171010,AMD,13.7,,,
1161,1,20171011,AMD,13.88,,,
1161,1,20171012,AMD,14.2,,,
1161,1,20171013,AMD,14.22,,,
1161,1,20171016,AMD,14.26,,,
1161,1,20171017,AMD,14.16,,,
1161,1,20171018,AMD,14.07,,,
1161,1,20171019,AMD,13.95,,,
1161,1,20171020,AMD,13.81,,,
1161,1,20171023,AMD,14.1,,,
1161,1,20171024,AMD,14.25,,,
1161,1,20171025,AMD,12.33,,,
1161,1,20171026,AMD,12.005,,,
1161,1,20171027,AMD,11.84,,,
1161,1,20171030,AMD,10.89,,,
1161,1,20171031,AMD,10.985,,,
1161,1,20171101,AMD,10.8,,,
1161,1,20171102,AMD,10.85,,,
1161,1,20171103,AMD,11.12,,,
1161,1,20171106,AMD,11.93,,,
1161,1,20171107,AMD,12.05,,,
1161,1,20171108,AMD,11.71,,,
1161,1,20171109,AMD,11.12,,,
1161,1,20171110,AMD,11.26,,,
1161,1,20171113,AMD,11.09,,,
1161,1,20171114,AMD,11.12,,,
1161,1,20171115,AMD,11.07,,,
1161,1,20171116,AMD,11.25,,,
1161,1,20171117,AMD,11.38,,,
1161,1,20171120,AMD,11.34,,,
1161,1,20171121,AMD,11.4,,,
1161,1,20171122,AMD,11.37,,,
1161,1,20171124,AMD,11.38,,,
1161,1,20171127,AMD,11.55,,,
1161,1,20171128,AMD,11.17,,,
1161,1,20171129,AMD,10.83,,,
1161,1,20171130,AMD,10.89,,,
1161,1,20171201,AMD,10.73,,,
1161,1,20171204,AMD,10.03,,,
1161,1,20171205,AMD,9.91,,,
1161,1,20171206,AMD,10,,,
1161,1,20171207,AMD,10.04,,,
1161,1,20171208,AMD,9.94,,,
1161,1,20171211,AMD,10.16,,,
1161,1,20171212,AMD,9.9,,,
1161,1,20171213,AMD,10.11,,,
1161,1,20171214,AMD,10.13,,,
1161,1,20171215,AMD,10.29,,,
1161,1,20171218,AMD,10.98,,,
1161,1,20171219,AMD,10.95,,,
1161,1,20171220,AMD,10.98,,,
1161,1,20171221,AMD,10.89,,,
1161,1,20171222,AMD,10.54,,,
1161,1,20171226,AMD,10.46,,,
1161,1,20171227,AMD,10.53,,,
1161,1,20171228,AMD,10.55,,,
1161,1,20171229,AMD,10.28,,,
1161,1,20180102,AMD,10.98,,,
1161,1,20180103,AMD,11.55,,,
1161,1,20180104,AMD,12.12,,,
1161,1,20180105,AMD,11.88,,,
1161,1,20180108,AMD,12.28,,,
1161,1,20180109,AMD,11.82,,,
1161,1,20180110,AMD,11.96,,,
1161,1,20180111,AMD,12.14,,,
1161,1,20180112,AMD,12.02,,,
1161,1,20180116,AMD,11.91,,,
1161,1,20180117,AMD,12.18,,,
1161,1,20180118,AMD,12.47,,,
1161,1,20180119,AMD,12.59,,,
1161,1,20180122,AMD,12.65,,,
1161,1,20180123,AMD,12.94,,,
1161,1,20180124,AMD,12.71,,,
1161,1,20180125,AMD,12.41,,,
1161,1,20180126,AMD,12.95,,,
1161,1,20180129,AMD,13.32,,,
1161,1,20180130,AMD,12.87,,,
1161,1,20180131,AMD,13.74,,,
1161,1,20180201,AMD,13.25,,,
1161,1,20180202,AMD,12.45,,,
1161,1,20180205,AMD,11.57,,,
1161,1,20180206,AMD,11.65,,,
1161,1,20180207,AMD,11.6,,,
1161,1,20180208,AMD,11.22,,,
1161,1,20180209,AMD,11.31,,,
1161,1,20180212,AMD,11.68,,,
1161,1,20180213,AMD,11.78,,,
1161,1,20180214,AMD,12.2,,,
1161,1,20180215,AMD,12.19,,,
1161,1,20180216,AMD,11.82,,,
1161,1,20180220,AMD,12.02,,,
1161,1,20180221,AMD,11.72,,,
1161,1,20180222,AMD,11.84,,,
1161,1,20180223,AMD,12.07,,,
1161,1,20180226,AMD,12.42,,,
1161,1,20180227,AMD,12.53,,,
1161,1,20180228,AMD,12.11,,,
1161,1,20180301,AMD,11.9,,,
1161,1,20180302,AMD,11.81,,,
1161,1,20180305,AMD,11.91,,,
1161,1,20180306,AMD,11.76,,,
1161,1,20180307,AMD,12.24,,,
1161,1,20180308,AMD,11.97,,,
1161,1,20180309,AMD,11.7,,,
1161,1,20180312,AMD,11.52,,,
1161,1,20180313,AMD,11.64,,,
1161,1,20180314,AMD,11.36,,,
1161,1,20180315,AMD,11.46,,,
1161,1,20180316,AMD,11.47,,,
1161,1,20180319,AMD,11.43,,,
1161,1,20180320,AMD,11.11,,,
1161,1,20180321,AMD,11.26,,,
1161,1,20180322,AMD,10.91,,,
1161,1,20180323,AMD,10.63,,,
1161,1,20180326,AMD,10.44,,,
1161,1,20180327,AMD,10,,,
1161,1,20180328,AMD,9.81,,,
1161,1,20180329,AMD,10.05,,,
1161,1,20180402,AMD,9.53,,,
1161,1,20180403,AMD,9.55,,,
1161,1,20180404,AMD,9.77,,,
1161,1,20180405,AMD,10.02,,,
1161,1,20180406,AMD,9.61,,,
1161,1,20180409,AMD,9.53,,,
1161,1,20180410,AMD,9.98,,,
1161,1,20180411,AMD,9.82,,,
1161,1,20180412,AMD,10.08,,,
1161,1,20180413,AMD,9.93,,,
1161,1,20180416,AMD,10.09,,,
1161,1,20180417,AMD,10.52,,,
1161,1,20180418,AMD,10.36,,,
1161,1,20180419,AMD,10.11,,,
1161,1,20180420,AMD,9.99,,,
1161,1,20180423,AMD,10.04,,,
1161,1,20180424,AMD,10.09,,,
1161,1,20180425,AMD,9.71,,,
1161,1,20180426,AMD,11.04,,,
1161,1,20180427,AMD,11.11,,,
1161,1,20180430,AMD,10.88,,,
1161,1,20180501,AMD,11.13,,,
1161,1,20180502,AMD,10.97,,,
1161,1,20180503,AMD,10.93,,,
1161,1,20180504,AMD,11.28,,,
1161,1,20180507,AMD,11.59,,,
1161,1,20180508,AMD,11.61,,,
1161,1,20180509,AMD,11.95,,,
1161,1,20180510,AMD,12.13,,,
1161,1,20180511,AMD,11.95,,,
1161,1,20180514,AMD,12.23,,,
1161,1,20180515,AMD,12.45,,,
1161,1,20180516,AMD,12.82,,,
1161,1,20180517,AMD,12.82,,,
1161,1,20180518,AMD,13,,,
1161,1,20180521,AMD,12.99,,,
1161,1,20180522,AMD,12.98,,,
1161,1,20180523,AMD,13.1,,,
1161,1,20180524,AMD,13.41,,,
1161,1,20180525,AMD,13.54,,,
1161,1,20180529,AMD,13.36,,,
1161,1,20180530,AMD,13.82,,,
1161,1,20180531,AMD,13.73,,,
1161,1,20180601,AMD,14.4,,,
1161,1,20180604,AMD,14.85,,,
1161,1,20180605,AMD,14.85,,,
1161,1,20180606,AMD,15.67,,,
1161,1,20180607,AMD,14.89,,,
1161,1,20180608,AMD,15.25,,,
1161,1,20180611,AMD,15.73,,,
1161,1,20180612,AMD,15.85,,,
1161,1,20180613,AMD,16.32,,,
1161,1,20180614,AMD,16.25,,,
1161,1,20180615,AMD,16.34,,,
1161,1,20180618,AMD,17.11,,,
1161,1,20180619,AMD,16.69,,,
1161,1,20180620,AMD,16.52,,,
1161,1,20180621,AMD,15.65,,,
1161,1,20180622,AMD,15.8,,,
1161,1,20180625,AMD,15.11,,,
1161,1,20180626,AMD,15.5,,,
1161,1,20180627,AMD,14.97,,,
1161,1,20180628,AMD,15.31,,,
1161,1,20180629,AMD,14.99,,,
1161,1,20180702,AMD,15.16,,,
1161,1,20180703,AMD,15,,,
1161,1,20180705,AMD,15.5,,,
1161,1,20180706,AMD,16.36,,,
1161,1,20180709,AMD,16.61,,,
1161,1,20180710,AMD,16.55,,,
1161,1,20180711,AMD,16.27,,,
1161,1,20180712,AMD,16.56,,,
1161,1,20180713,AMD,16.27,,,
1161,1,20180716,AMD,16.58,,,
1161,1,20180717,AMD,16.87,,,
1161,1,20180718,AMD,16.85,,,
1161,1,20180719,AMD,16.71,,,
1161,1,20180720,AMD,16.5,,,
1161,1,20180723,AMD,16.66,,,
1161,1,20180724,AMD,16.19,,,
1161,1,20180725,AMD,16.05,,,
1161,1,20180726,AMD,18.35,,,
1161,1,20180727,AMD,18.94,,,
1161,1,20180730,AMD,19.42,,,
1161,1,20180731,AMD,18.33,,,
1161,1,20180801,AMD,18.48,,,
1161,1,20180802,AMD,18.79,,,
1161,1,20180803,AMD,18.49,,,
1161,1,20180806,AMD,19.43,,,
1161,1,20180807,AMD,19.56,,,
1161,1,20180808,AMD,19.58,,,
1161,1,20180809,AMD,19.1,,,
1161,1,20180810,AMD,19.06,,,
1161,1,20180813,AMD,19.73,,,
1161,1,20180814,AMD,20.02,,,
1161,1,20180815,AMD,19.7,,,
1161,1,20180816,AMD,19.33,,,
1161,1,20180817,AMD,19.77,,,
1161,1,20180820,AMD,19.98,,,
1161,1,20180821,AMD,20.4,,,
1161,1,20180822,AMD,20.9,,,
1161,1,20180823,AMD,22.29,,,
1161,1,20180824,AMD,23.98,,,
1161,1,20180827,AMD,25.26,,,
1161,1,20180828,AMD,25.05,,,
1161,1,20180829,AMD,25.2,,,
1161,1,20180830,AMD,24.89,,,
1161,1,20180831,AMD,25.17,,,
1161,1,20180904,AMD,28.06,,,
1161,1,20180905,AMD,28.51,,,
1161,1,20180906,AMD,27.84,,,
1161,1,20180907,AMD,27.38,,,
1161,1,20180910,AMD,29.89,,,
1161,1,20180911,AMD,30.1,,,
1161,1,20180912,AMD,32.21,,,
1161,1,20180913,AMD,30.48,,,
1161,1,20180914,AMD,32.72,,,
1161,1,20180917,AMD,32.43,,,
1161,1,20180918,AMD,31.93,,,
1161,1,20180919,AMD,31.21,,,
1161,1,20180920,AMD,31.18,,,
1161,1,20180921,AMD,31.02,,,
1161,1,20180924,AMD,32.61,,,
1161,1,20180925,AMD,32.57,,,
1161,1,20180926,AMD,32.19,,,
1161,1,20180927,AMD,32.59,,,
1161,1,20180928,AMD,30.89,,,
1161,1,20181001,AMD,31.42,,,
1161,1,20181002,AMD,29.02,,,
1161,1,20181003,AMD,28.43,,,
1161,1,20181004,AMD,27.78,,,
1161,1,20181005,AMD,27.35,,,
1161,1,20181008,AMD,26.46,,,
1161,1,20181009,AMD,27.24,,,
1161,1,20181010,AMD,25,,,
1161,1,20181011,AMD,25.3,,,
1161,1,20181012,AMD,26.34,,,
1161,1,20181015,AMD,26.26,,,
1161,1,20181016,AMD,28.18,,,
1161,1,20181017,AMD,27.3,,,
1161,1,20181018,AMD,26.62,,,
1161,1,20181019,AMD,23.66,,,
1161,1,20181022,AMD,25.03,,,
1161,1,20181023,AMD,25.09,,,
1161,1,20181024,AMD,22.79,,,
1161,1,20181025,AMD,19.27,,,
1161,1,20181026,AMD,17.63,,,
1161,1,20181029,AMD,16.85,,,
1161,1,20181030,AMD,17.2,,,
1161,1,20181031,AMD,18.21,,,
1161,1,20181101,AMD,20.22,,,
1161,1,20181102,AMD,20.23,,,
1161,1,20181105,AMD,19.9,,,
1161,1,20181106,AMD,20.68,,,
1161,1,20181107,AMD,21.84,,,
1161,1,20181108,AMD,21.2,,,
1161,1,20181109,AMD,21.03,,,
1161,1,20181112,AMD,19.03,,,
1161,1,20181113,AMD,19.61,,,
1161,1,20181114,AMD,20.81,,,
1161,1,20181115,AMD,21.49,,,
1161,1,20181116,AMD,20.66,,,
1161,1,20181119,AMD,19.11,,,
1161,1,20181120,AMD,19.21,,,
1161,1,20181121,AMD,18.73,,,
1161,1,20181123,AMD,19.38,,,
1161,1,20181126,AMD,20.08,,,
1161,1,20181127,AMD,21.05,,,
1161,1,20181128,AMD,21.34,,,
1161,1,20181129,AMD,21.43,,,
1161,1,20181130,AMD,21.3,,,
1161,1,20181203,AMD,23.71,,,
1161,1,20181204,AMD,21.12,,,
1161,1,20181206,AMD,21.3,,,
1161,1,20181207,AMD,19.46,,,
1161,1,20181210,AMD,19.99,,,
1161,1,20181211,AMD,19.98,,,
1161,1,20181212,AMD,20.48,,,
1161,1,20181213,AMD,19.86,,,
1161,1,20181214,AMD,19.9,,,
1161,1,20181217,AMD,18.83,,,
1161,1,20181218,AMD,19.5,,,
1161,1,20181219,AMD,18.16,,,
1161,1,20181220,AMD,17.94,,,
1161,1,20181221,AMD,16.93,,,
1161,1,20181224,AMD,16.65,,,
1161,1,20181226,AMD,17.9,,,
1161,1,20181227,AMD,17.49,,,
1161,1,20181228,AMD,17.82,,,
1161,1,20181231,AMD,18.46,,,
1161,1,20190102,AMD,18.83,,,
1161,1,20190103,AMD,17.05,,,
1161,1,20190104,AMD,19,,,
1161,1,20190107,AMD,20.57,,,
1161,1,20190108,AMD,20.75,,,
1161,1,20190109,AMD,20.19,,,
1161,1,20190110,AMD,19.74,,,
1161,1,20190111,AMD,20.27,,,
1161,1,20190114,AMD,20.23,,,
1161,1,20190115,AMD,20.38,,,
1161,1,20190116,AMD,19.73,,,
1161,1,20190117,AMD,20.25,,,
1161,1,20190118,AMD,20.77,,,
1161,1,20190122,AMD,19.76,,,
1161,1,20190123,AMD,19.8,,,
1161,1,20190124,AMD,20.85,,,
1161,1,20190125,AMD,21.93,,,
1161,1,20190128,AMD,20.18,,,
1161,1,20190129,AMD,19.25,,,
1161,1,20190130,AMD,23.09,,,
1161,1,20190131,AMD,24.41,,,
1161,1,20190201,AMD,24.51,,,
1161,1,20190204,AMD,24.13,,,
1161,1,20190205,AMD,23.31,,,
1161,1,20190206,AMD,23.26,,,
1161,1,20190207,AMD,22.67,,,
1161,1,20190208,AMD,23.05,,,
1161,1,20190211,AMD,22.96,,,
1161,1,20190212,AMD,22.82,,,
1161,1,20190213,AMD,22.85,,,
1161,1,20190214,AMD,23.13,,,
1161,1,20190215,AMD,23.68,,,
1161,1,20190219,AMD,23.95,,,
1161,1,20190220,AMD,23.95,,,
1161,1,20190221,AMD,23.92,,,
1161,1,20190222,AMD,24.36,,,
1161,1,20190225,AMD,24.71,,,
1161,1,20190226,AMD,24.21,,,
1161,1,20190227,AMD,23.48,,,
1161,1,20190228,AMD,23.53,,,
1161,1,20190301,AMD,23.68,,,
1161,1,20190304,AMD,23.37,,,
1161,1,20190305,AMD,23.5,,,
1161,1,20190306,AMD,22.41,,,
1161,1,20190307,AMD,22.08,,,
1161,1,20190308,AMD,22.01,,,
1161,1,20190311,AMD,22.96,,,
1161,1,20190312,AMD,23.49,,,
1161,1,20190313,AMD,23.38,,,
1161,1,20190314,AMD,22.82,,,
1161,1,20190315,AMD,23.29,,,
1161,1,20190318,AMD,23.25,,,
1161,1,20190319,AMD,26,,,
1161,1,20190320,AMD,25.7,,,
1161,1,20190321,AMD,27.89,,,
1161,1,20190322,AMD,26.37,,,
1161,1,20190325,AMD,25.97,,,
1161,1,20190326,AMD,25.69,,,
1161,1,20190327,AMD,24.89,,,
1161,1,20190328,AMD,25.06,,,
1161,1,20190329,AMD,25.52,,,
1161,1,20190401,AMD,26.36,,,
1161,1,20190402,AMD,26.75,,,
1161,1,20190403,AMD,29.02,,,
1161,1,20190404,AMD,29.09,,,
1161,1,20190405,AMD,28.98,,,
1161,1,20190408,AMD,28.53,,,
1161,1,20190409,AMD,27.24,,,
1161,1,20190410,AMD,27.83,,,
1161,1,20190411,AMD,27.79,,,
1161,1,20190412,AMD,27.85,,,
1161,1,20190415,AMD,27.33,,,
1161,1,20190416,AMD,27.93,,,
1161,1,20190417,AMD,27.49,,,
1161,1,20190418,AMD,27.68,,,
1161,1,20190422,AMD,28.18,,,
1161,1,20190423,AMD,27.97,,,
1161,1,20190424,AMD,28.46,,,
1161,1,20190425,AMD,27.66,,,
1161,1,20190426,AMD,27.88,,,
1161,1,20190429,AMD,27.69,,,
1161,1,20190430,AMD,27.63,,,
1161,1,20190501,AMD,26.81,,,
1161,1,20190502,AMD,28.29,,,
1161,1,20190503,AMD,28.22,,,
1161,1,20190506,AMD,27.42,,,
1161,1,20190507,AMD,26.66,,,
1161,1,20190508,AMD,27.09,,,
1161,1,20190509,AMD,27.21,,,
1161,1,20190510,AMD,27.96,,,
1161,1,20190513,AMD,26.24,,,
1161,1,20190514,AMD,27.32,,,
1161,1,20190515,AMD,27.58,,,
1161,1,20190516,AMD,28.01,,,
1161,1,20190517,AMD,27.5,,,
1161,1,20190520,AMD,26.68,,,
1161,1,20190521,AMD,27.35,,,
1161,1,20190522,AMD,27.41,,,
1161,1,20190523,AMD,26.36,,,
1161,1,20190524,AMD,26.44,,,
1161,1,20190528,AMD,29.03,,,
1161,1,20190529,AMD,28.09,,,
1161,1,20190530,AMD,28.03,,,
1161,1,20190531,AMD,27.41,,,
1161,1,20190603,AMD,27.58,,,
1161,1,20190604,AMD,29.57,,,
1161,1,20190605,AMD,29.5,,,
1161,1,20190606,AMD,31.82,,,
1161,1,20190607,AMD,32.41,,,
1161,1,20190610,AMD,33.23,,,
1161,1,20190611,AMD,32.41,,,
1161,1,20190612,AMD,32.18,,,
1161,1,20190613,AMD,31.39,,,
1161,1,20190614,AMD,30.36,,,
1161,1,20190617,AMD,29.2,,,
1161,1,20190618,AMD,30.45,,,
1161,1,20190619,AMD,30.5,,,
1161,1,20190620,AMD,30.01,,,
1161,1,20190621,AMD,29.1,,,
1161,1,20190624,AMD,29.26,,,
1161,1,20190625,AMD,28.86,,,
1161,1,20190626,AMD,29.92,,,
1161,1,20190627,AMD,30.74,,,
1161,1,20190628,AMD,30.37,,,
1161,1,20190701,AMD,31.2,,,
1161,1,20190702,AMD,31.24,,,
1161,1,20190703,AMD,31.19,,,
1161,1,20190705,AMD,31.5,,,
1161,1,20190708,AMD,32.04,,,
1161,1,20190709,AMD,33.15,,,
1161,1,20190710,AMD,33.79,,,
1161,1,20190711,AMD,33.06,,,
1161,1,20190712,AMD,33.21,,,
1161,1,20190715,AMD,34.39,,,
1161,1,20190716,AMD,33.85,,,
1161,1,20190717,AMD,33.6,,,
1161,1,20190718,AMD,33,,,
1161,1,20190719,AMD,32.51,,,
1161,1,20190722,AMD,32.85,,,
1161,1,20190723,AMD,33.49,,,
1161,1,20190724,AMD,34.11,,,
1161,1,20190725,AMD,33.67,,,
1161,1,20190726,AMD,34.02,,,
1161,1,20190729,AMD,33.48,,,
1161,1,20190730,AMD,33.87,,,
1161,1,20190731,AMD,30.45,,,
1161,1,20190801,AMD,29.86,,,
1161,1,20190802,AMD,29.44,,,
1161,1,20190805,AMD,27.99,,,
1161,1,20190806,AMD,28.86,,,
1161,1,20190807,AMD,29.19,,,
1161,1,20190808,AMD,33.92,,,
1161,1,20190809,AMD,34.19,,,
1161,1,20190812,AMD,32.43,,,
1161,1,20190813,AMD,32.11,,,
1161,1,20190814,AMD,30.24,,,
1161,1,20190815,AMD,29.67,,,
1161,1,20190816,AMD,31.18,,,
1161,1,20190819,AMD,31.48,,,
1161,1,20190820,AMD,30.72,,,
1161,1,20190821,AMD,31.7,,,
1161,1,20190822,AMD,31.9,,,
1161,1,20190823,AMD,29.54,,,
1161,1,20190826,AMD,30.28,,,
1161,1,20190827,AMD,30.2,,,
1161,1,20190828,AMD,30.78,,,
1161,1,20190829,AMD,31.45,,,
1161,1,20190830,AMD,31.45,,,
1161,1,20190903,AMD,30.9,,,
1161,1,20190904,AMD,30.95,,,
1161,1,20190905,AMD,31.5,,,
1161,1,20190906,AMD,30.56,,,
1161,1,20190909,AMD,30.5,,,
1161,1,20190910,AMD,30.23,,,
1161,1,20190911,AMD,29.76,,,
1161,1,20190912,AMD,30.21,,,
1161,1,20190913,AMD,30.69,,,
1161,1,20190916,AMD,30.83,,,
1161,1,20190917,AMD,30.99,,,
1161,1,20190918,AMD,30.42,,,
1161,1,20190919,AMD,30.29,,,
1161,1,20190920,AMD,30.05,,,
1161,1,20190923,AMD,30.64,,,
1161,1,20190924,AMD,29.52,,,
1161,1,20190925,AMD,29.54,,,
1161,1,20190926,AMD,29.47,,,
1161,1,20190927,AMD,28.72,,,
1161,1,20190930,AMD,28.99,,,
1161,1,20191001,AMD,28.76,,,
1161,1,20191002,AMD,28.31,,,
1161,1,20191003,AMD,28.68,,,
1161,1,20191004,AMD,29.01,,,
1161,1,20191007,AMD,28.93,,,
1161,1,20191008,AMD,28.23,,,
1161,1,20191009,AMD,28.46,,,
1161,1,20191010,AMD,28.38,,,
1161,1,20191011,AMD,29.75,,,
1161,1,20191014,AMD,30.53,,,
1161,1,20191015,AMD,30.72,,,
1161,1,20191016,AMD,30.81,,,
1161,1,20191017,AMD,31.14,,,
1161,1,20191018,AMD,30.97,,,
1161,1,20191021,AMD,32.03,,,
1161,1,20191022,AMD,31.51,,,
1161,1,20191023,AMD,31.36,,,
1161,1,20191024,AMD,31.72,,,
1161,1,20191025,AMD,32.71,,,
1161,1,20191028,AMD,33.69,,,
1161,1,20191029,AMD,33.03,,,
1161,1,20191030,AMD,33.13,,,
1161,1,20191031,AMD,33.93,,,
1161,1,20191101,AMD,34.89,,,
1161,1,20191104,AMD,36.29,,,
1161,1,20191105,AMD,36.15,,,
1161,1,20191106,AMD,35.93,,,
1161,1,20191107,AMD,36.28,,,
1161,1,20191108,AMD,36.29,,,
1161,1,20191111,AMD,36.31,,,
1161,1,20191112,AMD,36.71,,,
1161,1,20191113,AMD,37.52,,,
1161,1,20191114,AMD,38.35,,,
1161,1,20191115,AMD,38.56,,,
1161,1,20191118,AMD,39.88,,,
1161,1,20191119,AMD,41.29,,,
1161,1,20191120,AMD,40.98,,,
1161,1,20191121,AMD,39.52,,,
1161,1,20191122,AMD,39.15,,,
1161,1,20191125,AMD,39.79,,,
1161,1,20191126,AMD,38.99,,,
1161,1,20191127,AMD,39.41,,,
1161,1,20191129,AMD,39.15,,,
1161,1,20191202,AMD,38.73,,,
1161,1,20191203,AMD,38.9,,,
1161,1,20191204,AMD,39.69,,,
1161,1,20191205,AMD,39.62,,,
1161,1,20191206,AMD,39.63,,,
1161,1,20191209,AMD,38.93,,,
1161,1,20191210,AMD,39.44,,,
1161,1,20191211,AMD,39.47,,,
1161,1,20191212,AMD,42.59,,,
1161,1,20191213,AMD,41.15,,,
1161,1,20191216,AMD,42.35,,,
1161,1,20191217,AMD,42.77,,,
1161,1,20191218,AMD,42.3,,,
1161,1,20191219,AMD,42.83,,,
1161,1,20191220,AMD,44.15,,,
1161,1,20191223,AMD,45.46,,,
1161,1,20191224,AMD,46.54,,,
1161,1,20191226,AMD,46.63,,,
1161,1,20191227,AMD,46.18,,,
1161,1,20191230,AMD,45.52,,,
1161,1,20191231,AMD,45.86,,,
1161,1,20200102,AMD,49.1,,,
1161,1,20200103,AMD,48.6,,,
1161,1,20200106,AMD,48.39,,,
1161,1,20200107,AMD,48.25,,,
1161,1,20200108,AMD,47.83,,,
1161,1,20200109,AMD,48.97,,,
1161,1,20200110,AMD,48.165,,,
1161,1,20200113,AMD,48.745,,,
1161,1,20200114,AMD,48.21,,,
1161,1,20200115,AMD,48.545,,,
1161,1,20200116,AMD,49.77,,,
1161,1,20200117,AMD,50.93,,,
1161,1,20200121,AMD,51.05,,,
1161,1,20200122,AMD,51.43,,,
1161,1,20200123,AMD,51.71,,,
1161,1,20200124,AMD,50.35,,,
1161,1,20200127,AMD,49.26,,,
1161,1,20200128,AMD,50.53,,,
1161,1,20200129,AMD,47.51,,,
1161,1,20200130,AMD,48.78,,,
1161,1,20200131,AMD,47,,,
1161,1,20200203,AMD,48.02,,,
1161,1,20200204,AMD,49.45,,,
1161,1,20200205,AMD,49.84,,,
1161,1,20200206,AMD,49.32,,,
1161,1,20200207,AMD,49.73,,,
1161,1,20200210,AMD,52.26,,,
1161,1,20200211,AMD,53.8,,,
1161,1,20200212,AMD,53.89,,,
1161,1,20200213,AMD,54.53,,,
1161,1,20200214,AMD,55.31,,,
1161,1,20200218,AMD,56.89,,,
1161,1,20200219,AMD,58.9,,,
1161,1,20200220,AMD,57.27,,,
1161,1,20200221,AMD,53.28,,,
1161,1,20200224,AMD,49.12,,,
1161,1,20200225,AMD,47.57,,,
1161,1,20200226,AMD,47.49,,,
1161,1,20200227,AMD,44.01,,,
1161,1,20200228,AMD,45.48,,,
1161,1,20200302,AMD,47.46,,,
1161,1,20200303,AMD,46.75,,,
1161,1,20200304,AMD,50.11,,,
1161,1,20200305,AMD,48.11,,,
1161,1,20200306,AMD,48.59,,,
1161,1,20200309,AMD,43.27,,,
1161,1,20200310,AMD,45.38,,,
1161,1,20200311,AMD,45.7,,,
1161,1,20200312,AMD,39.01,,,
1161,1,20200313,AMD,43.9,,,
1161,1,20200316,AMD,38.71,,,
1161,1,20200317,AMD,41.88,,,
1161,1,20200318,AMD,39.12,,,
1161,1,20200319,AMD,39.82,,,
1161,1,20200320,AMD,39.61,,,
1161,1,20200323,AMD,41.64,,,
1161,1,20200324,AMD,46.22,,,
1161,1,20200325,AMD,44.63,,,
1161,1,20200326,AMD,47.5,,,
1161,1,20200327,AMD,46.58,,,
1161,1,20200330,AMD,47.86,,,
1161,1,20200331,AMD,45.48,,,
1161,1,20200401,AMD,43.66,,,
1161,1,20200402,AMD,44.49,,,
1161,1,20200403,AMD,42.59,,,
1161,1,20200406,AMD,47.52,,,
1161,1,20200407,AMD,47.56,,,
1161,1,20200408,AMD,48.79,,,
1161,1,20200409,AMD,48.38,,,
1161,1,20200413,AMD,50.94,,,
1161,1,20200414,AMD,54.93,,,
1161,1,20200415,AMD,54.99,,,
1161,1,20200416,AMD,56.95,,,
1161,1,20200417,AMD,56.6,,,
1161,1,20200420,AMD,56.97,,,
1161,1,20200421,AMD,52.92,,,
1161,1,20200422,AMD,55.92,,,
1161,1,20200423,AMD,55.9,,,
1161,1,20200424,AMD,56.18,,,
1161,1,20200427,AMD,56.49,,,
1161,1,20200428,AMD,55.51,,,
1161,1,20200429,AMD,53.66,,,
1161,1,20200430,AMD,52.39,,,
1161,1,20200501,AMD,49.88,,,
1161,1,20200504,AMD,52.56,,,
1161,1,20200505,AMD,52.19,,,
1161,1,20200506,AMD,52.16,,,
1161,1,20200507,AMD,51.95,,,
1161,1,20200508,AMD,53.19,,,
1161,1,20200511,AMD,55.74,,,
1161,1,20200512,AMD,53.76,,,
1161,1,20200513,AMD,52.18,,,
1161,1,20200514,AMD,54.51,,,
1161,1,20200515,AMD,54.2,,,
1161,1,20200518,AMD,54.59,,,
1161,1,20200519,AMD,55.47,,,
1161,1,20200520,AMD,56.39,,,
1161,1,20200521,AMD,54.65,,,
1161,1,20200522,AMD,55.17,,,
1161,1,20200526,AMD,53.19,,,
1161,1,20200527,AMD,52.74,,,
1161,1,20200528,AMD,51.74,,,
1161,1,20200529,AMD,53.8,,,
1161,1,20200601,AMD,53.63,,,
1161,1,20200602,AMD,53.54,,,
1161,1,20200603,AMD,52.73,,,
1161,1,20200604,AMD,52.63,,,
1161,1,20200605,AMD,53.1,,,
1161,1,20200608,AMD,52.97,,,
1161,1,20200609,AMD,56.39,,,
1161,1,20200610,AMD,57.44,,,
1161,1,20200611,AMD,52.83,,,
1161,1,20200612,AMD,53.5,,,
1161,1,20200615,AMD,54.68,,,
1161,1,20200616,AMD,54.46,,,
1161,1,20200617,AMD,54.55,,,
1161,1,20200618,AMD,54.04,,,
1161,1,20200619,AMD,54.23,,,
1161,1,20200622,AMD,54.76,,,
1161,1,20200623,AMD,53.99,,,
1161,1,20200624,AMD,52.39,,,
1161,1,20200625,AMD,51.93,,,
1161,1,20200626,AMD,50.1,,,
1161,1,20200629,AMD,50.28,,,
1161,1,20200630,AMD,52.61,,,
1161,1,20200701,AMD,52.58,,,
1161,1,20200702,AMD,52.34,,,
1161,1,20200706,AMD,53.4,,,
1161,1,20200707,AMD,52.93,,,
1161,1,20200708,AMD,53.43,,,
1161,1,20200709,AMD,57.255,,,
1161,1,20200710,AMD,55.88,,,
1161,1,20200713,AMD,53.59,,,
1161,1,20200714,AMD,54.72,,,
1161,1,20200715,AMD,55.34,,,
1161,1,20200716,AMD,54.92,,,
1161,1,20200717,AMD,55.04,,,
1161,1,20200720,AMD,57.46,,,
1161,1,20200721,AMD,57,,,
1161,1,20200722,AMD,61.79,,,
1161,1,20200723,AMD,59.57,,,
1161,1,20200724,AMD,69.4,,,
1161,1,20200727,AMD,68.97,,,
1161,1,20200728,AMD,67.61,,,
1161,1,20200729,AMD,76.09,,,
1161,1,20200730,AMD,78.2,,,
1161,1,20200731,AMD,77.43,,,
1161,1,20200803,AMD,77.67,,,
1161,1,20200804,AMD,85.04,,,
1161,1,20200805,AMD,85.31,,,
1161,1,20200806,AMD,86.71,,,
1161,1,20200807,AMD,84.85,,,
1161,1,20200810,AMD,82.24,,,
1161,1,20200811,AMD,76.88,,,
1161,1,20200812,AMD,82.61,,,
1161,1,20200813,AMD,81.84,,,
1161,1,20200814,AMD,81.3,,,
1161,1,20200817,AMD,82.42,,,
1161,1,20200818,AMD,81.66,,,
1161,1,20200819,AMD,81.09,,,
1161,1,20200820,AMD,82.77,,,
1161,1,20200821,AMD,83.81,,,
1161,1,20200824,AMD,83.08,,,
1161,1,20200825,AMD,86.35,,,
1161,1,20200826,AMD,86.02,,,
1161,1,20200827,AMD,83.8,,,
1161,1,20200828,AMD,85.55,,,
1161,1,20200831,AMD,90.82,,,
1161,1,20200901,AMD,92.18,,,
1161,1,20200902,AMD,90.22,,,
1161,1,20200903,AMD,82.54,,,
1161,1,20200904,AMD,82.01,,,
1161,1,20200908,AMD,78.69,,,
1161,1,20200909,AMD,81.91,,,
1161,1,20200910,AMD,78.98,,,
1161,1,20200911,AMD,76.34,,,
1161,1,20200914,AMD,77.9,,,
1161,1,20200915,AMD,78.93,,,
1161,1,20200916,AMD,76.66,,,
1161,1,20200917,AMD,76.55,,,
1161,1,20200918,AMD,74.93,,,
1161,1,20200921,AMD,77.94,,,
1161,1,20200922,AMD,77.7,,,
1161,1,20200923,AMD,74.73,,,
1161,1,20200924,AMD,75.82,,,
1161,1,20200925,AMD,78.055,,,
1161,1,20200928,AMD,79.48,,,
1161,1,20200929,AMD,81.77,,,
1161,1,20200930,AMD,81.99,,,
1161,1,20201001,AMD,84.86,,,
1161,1,20201002,AMD,81.8,,,
1161,1,20201005,AMD,86.15,,,
1161,1,20201006,AMD,84.48,,,
1161,1,20201007,AMD,86.69,,,
1161,1,20201008,AMD,86.51,,,
1161,1,20201009,AMD,83.1,,,
1161,1,20201012,AMD,84.29,,,
1161,1,20201013,AMD,85.28,,,
1161,1,20201014,AMD,84.21,,,
1161,1,20201015,AMD,83.13,,,
1161,1,20201016,AMD,83.17,,,
1161,1,20201019,AMD,82,,,
1161,1,20201020,AMD,81.56,,,
1161,1,20201021,AMD,79.2,,,
1161,1,20201022,AMD,79.42,,,
1161,1,20201023,AMD,81.96,,,
1161,1,20201026,AMD,82.23,,,
1161,1,20201027,AMD,78.88,,,
1161,1,20201028,AMD,76.4,,,
1161,1,20201029,AMD,78.02,,,
1161,1,20201030,AMD,75.29,,,
1161,1,20201102,AMD,74.7,,,
1161,1,20201103,AMD,76.58,,,
1161,1,20201104,AMD,81.35,,,
1161,1,20201105,AMD,83,,,
1161,1,20201106,AMD,85.88,,,
1161,1,20201109,AMD,83.12,,,
1161,1,20201110,AMD,77.99,,,
1161,1,20201111,AMD,81.28,,,
1161,1,20201112,AMD,81.84,,,
1161,1,20201113,AMD,81.43,,,
1161,1,20201116,AMD,83.73,,,
1161,1,20201117,AMD,83.36,,,
1161,1,20201118,AMD,82.54,,,
1161,1,20201119,AMD,85.54,,,
1161,1,20201120,AMD,84.64,,,
1161,1,20201123,AMD,85.31,,,
1161,1,20201124,AMD,85.07,,,
1161,1,20201125,AMD,86.71,,,
1161,1,20201127,AMD,87.19,,,
1161,1,20201130,AMD,92.66,,,
1161,1,20201201,AMD,92.63,,,
1161,1,20201202,AMD,93.74,,,
1161,1,20201203,AMD,92.31,,,
1161,1,20201204,AMD,94.04,,,
1161,1,20201207,AMD,94.07,,,
1161,1,20201208,AMD,92.92,,,
1161,1,20201209,AMD,89.83,,,
1161,1,20201210,AMD,91.66,,,
1161,1,20201211,AMD,91.65,,,
1161,1,20201214,AMD,94.78,,,
1161,1,20201215,AMD,97.12,,,
1161,1,20201216,AMD,96.85,,,
1161,1,20201217,AMD,96.84,,,
1161,1,20201218,AMD,95.92,,,
1161,1,20201221,AMD,93.23,,,
1161,1,20201222,AMD,93.16,,,
1161,1,20201223,AMD,91.55,,,
1161,1,20201224,AMD,91.81,,,
1161,1,20201228,AMD,91.6,,,
1161,1,20201229,AMD,90.62,,,
1161,1,20201230,AMD,92.29,,,
1161,1,20201231,AMD,91.71,,,
1161,1,20210104,AMD,92.3,,,
1161,1,20210105,AMD,92.77,,,
1161,1,20210106,AMD,90.33,,,
1161,1,20210107,AMD,95.16,,,
1161,1,20210108,AMD,94.58,,,
1161,1,20210111,AMD,97.25,,,
1161,1,20210112,AMD,95.355,,,
1161,1,20210113,AMD,91.78,,,
1161,1,20210114,AMD,90.79,,,
1161,1,20210115,AMD,88.21,,,
1161,1,20210119,AMD,89.45,,,
1161,1,20210120,AMD,88.75,,,
1161,1,20210121,AMD,91.53,,,
1161,1,20210122,AMD,92.79,,,
1161,1,20210125,AMD,94.13,,,
1161,1,20210126,AMD,94.71,,,
1161,1,20210127,AMD,88.84,,,
1161,1,20210128,AMD,87.52,,,
1161,1,20210129,AMD,85.64,,,
1161,1,20210201,AMD,87.66,,,
1161,1,20210202,AMD,88.86,,,
1161,1,20210203,AMD,87.89,,,
1161,1,20210204,AMD,87.84,,,
1161,1,20210205,AMD,87.9,,,
1161,1,20210208,AMD,91.47,,,
1161,1,20210209,AMD,90.91,,,
1161,1,20210210,AMD,92.35,,,
1161,1,20210211,AMD,92.66,,,
1161,1,20210212,AMD,93.77,,,
1161,1,20210216,AMD,91.46,,,
1161,1,20210217,AMD,89.94,,,
1161,1,20210218,AMD,88.64,,,
1161,1,20210219,AMD,89.58,,,
1161,1,20210222,AMD,85.37,,,
1161,1,20210223,AMD,84.74,,,
1161,1,20210224,AMD,86.94,,,
1161,1,20210225,AMD,82.42,,,
1161,1,20210226,AMD,84.51,,,
1161,1,20210301,AMD,86.39,,,
1161,1,20210302,AMD,84.13,,,
1161,1,20210303,AMD,80.86,,,
1161,1,20210304,AMD,77.75,,,
1161,1,20210305,AMD,78.52,,,
1161,1,20210308,AMD,73.96,,,
1161,1,20210309,AMD,78.53,,,
1161,1,20210310,AMD,77.52,,,
1161,1,20210311,AMD,81.23,,,
1161,1,20210312,AMD,81.05,,,
1161,1,20210315,AMD,82.5,,,
1161,1,20210316,AMD,82.75,,,
1161,1,20210317,AMD,82.63,,,
1161,1,20210318,AMD,78.12,,,
1161,1,20210319,AMD,79.06,,,
1161,1,20210322,AMD,80.3,,,
1161,1,20210323,AMD,78.38,,,
1161,1,20210324,AMD,76.48,,,
1161,1,20210325,AMD,76.22,,,
1161,1,20210326,AMD,77.41,,,
1161,1,20210329,AMD,77.14,,,
1161,1,20210330,AMD,76,,,
1161,1,20210331,AMD,78.5,,,
1161,1,20210401,AMD,81.09,,,
1161,1,20210405,AMD,81.43,,,
1161,1,20210406,AMD,81.44,,,
1161,1,20210407,AMD,82.2,,,
1161,1,20210408,AMD,83.35,,,
1161,1,20210409,AMD,82.76,,,
1161,1,20210412,AMD,78.58,,,
1161,1,20210413,AMD,80.19,,,
1161,1,20210414,AMD,78.55,,,
1161,1,20210415,AMD,83.01,,,
1161,1,20210416,AMD,82.15,,,
1161,1,20210419,AMD,81.11,,,
1161,1,20210420,AMD,79.27,,,
1161,1,20210421,AMD,81.61,,,
1161,1,20210422,AMD,79.06,,,
1161,1,20210423,AMD,82.76,,,
1161,1,20210426,AMD,85.41,,,
1161,1,20210427,AMD,85.21,,,
1161,1,20210428,AMD,84.02,,,
1161,1,20210429,AMD,83.91,,,
1161,1,20210430,AMD,81.62,,,
1161,1,20210503,AMD,78.55,,,
1161,1,20210504,AMD,78.61,,,
1161,1,20210505,AMD,77.83,,,
1161,1,20210506,AMD,77.89,,,
1161,1,20210507,AMD,78.81,,,
1161,1,20210510,AMD,75.99,,,
1161,1,20210511,AMD,76.83,,,
1161,1,20210512,AMD,74.64,,,
1161,1,20210513,AMD,73.09,,,
1161,1,20210514,AMD,74.59,,,
1161,1,20210517,AMD,74.65,,,
1161,1,20210518,AMD,74.44,,,
1161,1,20210519,AMD,76.23,,,
1161,1,20210520,AMD,78.06,,,
1161,1,20210521,AMD,77.17,,,
1161,1,20210524,AMD,77.44,,,
1161,1,20210525,AMD,77.86,,,
1161,1,20210526,AMD,78.34,,,
1161,1,20210527,AMD,78.42,,,
1161,1,20210528,AMD,80.08,,,
1161,1,20210601,AMD,80.81,,,
1161,1,20210602,AMD,81.97,,,
1161,1,20210603,AMD,80.28,,,
1161,1,20210604,AMD,81.58,,,
1161,1,20210607,AMD,81.35,,,
1161,1,20210608,AMD,80.89,,,
1161,1,20210609,AMD,79.96,,,
1161,1,20210610,AMD,81.56,,,
1161,1,20210611,AMD,81.31,,,
1161,1,20210614,AMD,81.55,,,
1161,1,20210615,AMD,80.47,,,
1161,1,20210616,AMD,80.11,,,
1161,1,20210617,AMD,84.56,,,
1161,1,20210618,AMD,84.65,,,
1161,1,20210621,AMD,82.59,,,
1161,1,20210622,AMD,83.58,,,
1161,1,20210623,AMD,83.82,,,
1161,1,20210624,AMD,86.1,,,
1161,1,20210625,AMD,85.62,,,
1161,1,20210628,AMD,87.08,,,
1161,1,20210629,AMD,89.52,,,
1161,1,20210630,AMD,93.93,,,
1161,1,20210701,AMD,93.31,,,
1161,1,20210702,AMD,94.7,,,
1161,1,20210706,AMD,94.47,,,
1161,1,20210707,AMD,90.54,,,
1161,1,20210708,AMD,89.74,,,
1161,1,20210709,AMD,90.9,,,
1161,1,20210712,AMD,90.81,,,
1161,1,20210713,AMD,90.26,,,
1161,1,20210714,AMD,89.05,,,
1161,1,20210715,AMD,86.93,,,
1161,1,20210716,AMD,85.89,,,
1161,1,20210719,AMD,86.58,,,
1161,1,20210720,AMD,87.11,,,
1161,1,20210721,AMD,89.41,,,
1161,1,20210722,AMD,91.21,,,
1161,1,20210723,AMD,92.15,,,
1161,1,20210726,AMD,91.82,,,
1161,1,20210727,AMD,91.03,,,
1161,1,20210728,AMD,97.93,,,
1161,1,20210729,AMD,102.95,,,
1161,1,20210730,AMD,106.19,,,
1161,1,20210802,AMD,108.63,,,
1161,1,20210803,AMD,112.56,,,
1161,1,20210804,AMD,118.77,,,
1161,1,20210805,AMD,112.35,,,
1161,1,20210806,AMD,110.11,,,
1161,1,20210809,AMD,107.58,,,
1161,1,20210810,AMD,106.48,,,
1161,1,20210811,AMD,107.68,,,
1161,1,20210812,AMD,106.5,,,
1161,1,20210813,AMD,110.55,,,
1161,1,20210816,AMD,107.48,,,
1161,1,20210817,AMD,107.56,,,
1161,1,20210818,AMD,103.44,,,
1161,1,20210819,AMD,103.7,,,
1161,1,20210820,AMD,104.65,,,
1161,1,20210823,AMD,108.77,,,
1161,1,20210824,AMD,107.65,,,
1161,1,20210825,AMD,108.3,,,
1161,1,20210826,AMD,107.27,,,
1161,1,20210827,AMD,111.4,,,
1161,1,20210830,AMD,111.32,,,
1161,1,20210831,AMD,110.72,,,
1161,1,20210901,AMD,109.99,,,
1161,1,20210902,AMD,109.2,,,
1161,1,20210903,AMD,109.92,,,
1161,1,20210907,AMD,109.15,,,
1161,1,20210908,AMD,106.17,,,
1161,1,20210909,AMD,106.15,,,
1161,1,20210910,AMD,105.2,,,
1161,1,20210913,AMD,104.8,,,
1161,1,20210914,AMD,105.73,,,
1161,1,20210915,AMD,105.6,,,
1161,1,20210916,AMD,106.22,,,
1161,1,20210917,AMD,103.88,,,
1161,1,20210920,AMD,101.55,,,
1161,1,20210921,AMD,102.82,,,
1161,1,20210922,AMD,104.38,,,
1161,1,20210923,AMD,106.15,,,
1161,1,20210924,AMD,105.8,,,
1161,1,20210927,AMD,108.16,,,
1161,1,20210928,AMD,101.52,,,
1161,1,20210929,AMD,100.35,,,
1161,1,20210930,AMD,102.9,,,
1161,1,20211001,AMD,102.45,,,
1161,1,20211004,AMD,100.34,,,
1161,1,20211005,AMD,101.81,,,
1161,1,20211006,AMD,103.64,,,
1161,1,20211007,AMD,106.45,,,
1161,1,20211008,AMD,105.06,,,
1161,1,20211011,AMD,104.68,,,
1161,1,20211012,AMD,105.04,,,
1161,1,20211013,AMD,109.16,,,
1161,1,20211014,AMD,111.99,,,
1161,1,20211015,AMD,112.12,,,
1161,1,20211018,AMD,116.43,,,
1161,1,20211019,AMD,116.33,,,
1161,1,20211020,AMD,116.39,,,
1161,1,20211021,AMD,119.33,,,
1161,1,20211022,AMD,119.82,,,
1161,1,20211025,AMD,122.36,,,
1161,1,20211026,AMD,122.93,,,
1161,1,20211027,AMD,122.28,,,
1161,1,20211028,AMD,121.16,,,
1161,1,20211029,AMD,120.23,,,
1161,1,20211101,AMD,125.23,,,
1161,1,20211102,AMD,127.63,,,
1161,1,20211103,AMD,130.53,,,
1161,1,20211104,AMD,137.5,,,
1161,1,20211105,AMD,136.34,,,
1161,1,20211108,AMD,150.16,,,
1161,1,20211109,AMD,148.92,,,
1161,1,20211110,AMD,139.87,,,
1161,1,20211111,AMD,146.01,,,
1161,1,20211112,AMD,147.89,,,
1161,1,20211115,AMD,146.49,,,
1161,1,20211116,AMD,152.45,,,
1161,1,20211117,AMD,151.34,,,
1161,1,20211118,AMD,155.02,,,
1161,1,20211119,AMD,155.41,,,
1161,1,20211122,AMD,152.52,,,
1161,1,20211123,AMD,149.92,,,
1161,1,20211124,AMD,157.8,,,
1161,1,20211126,AMD,154.81,,,
1161,1,20211129,AMD,161.91,,,
1161,1,20211130,AMD,158.37,,,
1161,1,20211201,AMD,149.11,,,
1161,1,20211202,AMD,150.68,,,
1161,1,20211203,AMD,144.01,,,
1161,1,20211206,AMD,139.06,,,
1161,1,20211207,AMD,144.85,,,
1161,1,20211208,AMD,145.24,,,
1161,1,20211209,AMD,138.1,,,
1161,1,20211210,AMD,138.55,,,
1161,1,20211213,AMD,133.8,,,
1161,1,20211214,AMD,135.6,,,
1161,1,20211215,AMD,146.5,,,
1161,1,20211216,AMD,138.64,,,
1161,1,20211217,AMD,137.75,,,
1161,1,20211220,AMD,135.8,,,
1161,1,20211221,AMD,144.25,,,
1161,1,20211222,AMD,143.88,,,
1161,1,20211223,AMD,146.14,,,
1161,1,20211227,AMD,154.36,,,
1161,1,20211228,AMD,153.15,,,
1161,1,20211229,AMD,148.26,,,
1161,1,20211230,AMD,145.15,,,
1161,1,20211231,AMD,143.9,,,
1161,1,20220103,AMD,150.24,,,
1161,1,20220104,AMD,144.42,,,
1161,1,20220105,AMD,136.15,,,
1161,1,20220106,AMD,136.23,,,
1161,1,20220107,AMD,132,,,
1161,1,20220110,AMD,132,,,
1161,1,20220111,AMD,137.31,,,
1161,1,20220112,AMD,137.47,,,
1161,1,20220113,AMD,132.74,,,
1161,1,20220114,AMD,136.88,,,
1161,1,20220118,AMD,131.93,,,
1161,1,20220119,AMD,128.27,,,
1161,1,20220120,AMD,121.89,,,
1161,1,20220121,AMD,118.81,,,
1161,1,20220124,AMD,116.53,,,
1161,1,20220125,AMD,111.13,,,
1161,1,20220126,AMD,110.71,,,
1161,1,20220127,AMD,102.6,,,
1161,1,20220128,AMD,105.24,,,
1161,1,20220131,AMD,114.25,,,
1161,1,20220201,AMD,116.78,,,
1161,1,20220202,AMD,122.76,,,
1161,1,20220203,AMD,120.08,,,
1161,1,20220204,AMD,123.6,,,
1161,1,20220207,AMD,123.67,,,
1161,1,20220208,AMD,128.23,,,
1161,1,20220209,AMD,132.85,,10.08290959,
1161,1,20220210,AMD,125.77,,,
1161,1,20220211,AMD,113.18,,,
1161,1,20220214,AMD,114.27,,,
1161,1,20220215,AMD,121.47,,,
1161,1,20220216,AMD,117.69,,,
1161,1,20220217,AMD,112.37,,,
1161,1,20220218,AMD,113.83,,6.310876911,
1161,1,20220222,AMD,115.65,,,
1161,1,20220223,AMD,109.76,,,
1161,1,20220224,AMD,116.61,,,
1161,1,20220225,AMD,121.06,,,
1161,1,20220228,AMD,123.34,,,
1161,1,20220301,AMD,113.83,,,
1161,1,20220302,AMD,118.28,,6.417238302,
1161,1,20220303,AMD,111.98,,,
1161,1,20220304,AMD,108.41,,,
1161,1,20220307,AMD,102.95,,,
1161,1,20220308,AMD,105.53,,,
1161,1,20220309,AMD,111.05,,,
1161,1,20220310,AMD,106.46,,,
1161,1,20220311,AMD,104.29,,,
1161,1,20220314,AMD,102.25,,,
1161,1,20220315,AMD,109.33,,,
1161,1,20220316,AMD,115.37,,,
1161,1,20220317,AMD,111.69,,,
1161,1,20220318,AMD,113.46,,,
1161,1,20220321,AMD,115.92,,,
1161,1,20220322,AMD,114.78,,,
1161,1,20220323,AMD,113.92,,,
1161,1,20220324,AMD,120.53,,,
1161,1,20220325,AMD,119.67,,,
1161,1,20220328,AMD,120.24,,,
1161,1,20220329,AMD,123.23,,,
